method,query,precision,recall,f1_score,exact_match,result_match_rate,generated_count,ground_truth_count,correct_count,query_type
fine_tuned_rag,Find commercial parcels within 500 meters of Harvard Square.,0.28615384615384615,1.0,0.4449760765550239,0.0,0.28615384615384615,325,93,93,Commercial
fine_tuned_rag,Find parcels larger than 6000 square feet that are zoned for retail use.,0.03145631067961165,1.0,0.06099397590361446,0.0,0.03145631067961165,2575,81,81,Retail
fine_tuned_rag,Find all parcels that have no more than 2 competing restaurants within 800 meters.,1.0,1.0,1.0,1.0,1.0,57,57,57,Proximity Constraint
fine_tuned_rag,Find the top 20 commercial parcels in areas with the highest percentage of residents with advanced degrees.,0.0,0.0,0.0,0.0,0.0,20,20,0,Commercial
fine_tuned_rag,Find commercial parcels zoned for retail use with fewer than 3 competing retail businesses within 300 meters.,0.32,1.0,0.48484848484848486,0.0,0.32,25,8,8,Retail
fine_tuned_rag,"find commercial parcels that are between 5000-10000 square feet, within 500 meters of a subway station, and have no more than 1 competitor within 500 meters.",0.543859649122807,0.6458333333333334,0.5904761904761905,0.0,0.543859649122807,57,48,31,Commercial
fine_tuned_rag,"find parcels that are zoned for mixed-use, within 400 meters of public transportation, and at least 200 meters away from industrial areas.",0.0,0.0,0.0,0.0,0.0,1,123,0,Mixed-Use
fine_tuned_rag,find parcels that are zoned for retail and within 300m of a subway station and not within 100m of a competitor.,0.0625,1.0,0.11764705882352941,0.0,0.0625,112,7,7,Retail
fine_tuned_rag,Find parcels between 1000-10000 square feet within 800 meters of Kendall/MIT station in census tracts where at least 5% of residents have advanced degrees.,0.0,0.0,0.0,0.0,0.0,39,27,0,Size Constraint
